Timestamp,Detected_Object,Severity,Confidence,BBox_X1,BBox_Y1,BBox_X2,BBox_Y2,Source
2026-02-22 16:23:29.519681,smoke,Medium,0.885,48,15,979,429,Image
2026-02-22 16:23:41.076,smoke,Medium,0.848,727,193,1266,706,Image
2026-02-22 16:23:41.086414,smoke,Low,0.535,3,349,528,701,Image
2026-02-22 16:25:03.694109,smoke,Low,0.511,747,335,1277,638,Image
2026-02-22 16:25:20.707635,smoke,Low,0.511,747,335,1277,638,Image
2026-02-22 16:25:26.715471,smoke,Medium,0.843,292,24,1255,590,Image
2026-02-22 16:25:32.310742,smoke,High,0.913,13,19,795,702,Image
2026-02-22 16:26:01.299454,smoke,Medium,0.839,43,14,464,608,Video
2026-02-22 16:26:02.320634,smoke,Medium,0.806,43,12,463,623,Video
2026-02-22 16:26:02.729185,smoke,Medium,0.808,42,14,463,615,Video
2026-02-22 16:26:03.115831,smoke,Medium,0.806,48,14,463,630,Video
2026-02-22 16:26:03.517782,smoke,Medium,0.841,48,15,463,634,Video
2026-02-22 16:26:03.937779,smoke,Medium,0.843,58,15,463,664,Video
2026-02-22 16:26:04.348289,smoke,Medium,0.831,58,15,463,664,Video
2026-02-22 16:26:04.755596,smoke,Medium,0.806,59,14,462,678,Video
2026-02-22 16:26:04.759085,fire,Low,0.53,304,619,402,688,Video
2026-02-22 16:26:05.163701,smoke,Medium,0.801,98,14,462,671,Video
2026-02-22 16:26:05.583905,smoke,Low,0.792,118,14,461,683,Video
2026-02-22 16:26:06.019444,smoke,Medium,0.807,116,14,462,691,Video
2026-02-22 16:26:06.025930,fire,Low,0.593,308,632,406,698,Video
2026-02-22 16:26:06.534378,smoke,Medium,0.807,123,15,463,695,Video
2026-02-22 16:26:06.541903,fire,Low,0.563,312,631,408,700,Video
2026-02-22 16:26:07.130298,smoke,Low,0.784,127,15,462,671,Video
2026-02-22 16:26:07.590035,smoke,Medium,0.824,122,14,462,714,Video
2026-02-22 16:26:07.594082,fire,Low,0.542,318,644,422,709,Video
2026-02-22 16:26:07.991786,smoke,Medium,0.82,112,14,462,712,Video
2026-02-22 16:26:07.995802,fire,Low,0.533,317,641,421,712,Video
2026-02-22 16:26:08.406106,smoke,Medium,0.865,40,15,456,619,Video
2026-02-22 17:53:07.684133,smoke,Medium,0.848,727,193,1266,706,Image
2026-02-22 17:53:07.717392,smoke,Low,0.535,3,349,528,701,Image
2026-02-22 17:53:21.211157,smoke,Medium,0.855,304,22,1213,368,Image
2026-02-22 17:54:14.309552,smoke,Medium,0.855,304,22,1213,368,Image
2026-02-22 17:54:20.170962,smoke,Low,0.511,747,335,1277,638,Image
2026-02-22 17:54:34.497604,smoke,High,0.91,7,25,900,624,Image
2026-02-22 17:54:52.917048,smoke,Medium,0.807,1,553,1277,1049,Image
2026-02-22 17:54:52.921264,smoke,Low,0.7,1,0,1279,513,Image
2026-02-22 17:56:10.035266,smoke,Low,0.639,12,18,634,309,Image
2026-02-22 17:57:00.517262,smoke,Low,0.511,747,335,1277,638,Image
2026-02-22 17:57:24.779128,smoke,Medium,0.848,727,193,1266,706,Image
2026-02-22 17:57:24.783908,smoke,Low,0.535,3,349,528,701,Image
2026-02-22 17:57:56.221577,smoke,Medium,0.848,727,193,1266,706,Image
2026-02-22 17:57:56.225741,smoke,Low,0.535,3,349,528,701,Image
2026-02-22 17:59:45.582068,smoke,Medium,0.848,727,193,1266,706,Image
2026-02-22 17:59:45.586140,smoke,Low,0.535,3,349,528,701,Image
2026-02-22 18:00:08.770699,smoke,Medium,0.855,304,22,1213,368,Image
2026-02-22 18:00:22.794007,smoke,Medium,0.855,304,22,1213,368,Image
2026-02-22 18:00:32.839352,smoke,Medium,0.855,304,22,1213,368,Image
2026-02-22 18:00:36.773185,smoke,Medium,0.848,727,193,1266,706,Image
2026-02-22 18:00:36.777022,smoke,Low,0.535,3,349,528,701,Image
2026-02-22 18:01:04.980846,smoke,Medium,0.848,727,193,1266,706,Image
2026-02-22 18:01:04.984283,smoke,Low,0.535,3,349,528,701,Image
2026-02-22 18:01:20.275849,smoke,Medium,0.848,727,193,1266,706,Image
2026-02-22 18:01:20.280282,smoke,Low,0.535,3,349,528,701,Image
2026-02-22 18:01:35.529732,smoke,Medium,0.848,727,193,1266,706,Image
2026-02-22 18:01:35.533817,smoke,Low,0.535,3,349,528,701,Image
2026-02-22 18:01:51.984843,smoke,Medium,0.848,727,193,1266,706,Image
2026-02-22 18:01:51.987865,smoke,Low,0.535,3,349,528,701,Image
2026-02-22 18:02:12.807135,smoke,Medium,0.848,727,193,1266,706,Image
2026-02-22 18:02:12.812732,smoke,Low,0.535,3,349,528,701,Image
2026-02-22 18:02:26.990840,smoke,Medium,0.848,727,193,1266,706,Image
2026-02-22 18:02:26.996022,smoke,Low,0.535,3,349,528,701,Image
2026-02-22 18:02:31.535593,smoke,Medium,0.848,727,193,1266,706,Image
2026-02-22 18:02:31.542680,smoke,Low,0.535,3,349,528,701,Image
2026-02-22 18:02:34.652596,smoke,Medium,0.848,727,193,1266,706,Image
2026-02-22 18:02:34.658601,smoke,Low,0.535,3,349,528,701,Image
2026-02-22 18:02:50.557374,smoke,High,0.91,7,25,900,624,Image
2026-02-22 18:03:30.569582,smoke,High,0.91,7,25,900,624,Image
2026-02-22 18:03:34.159280,smoke,High,0.91,7,25,900,624,Image
2026-02-22 18:03:46.906757,smoke,Medium,0.839,43,14,464,608,Video
2026-02-22 18:03:47.373005,smoke,Medium,0.806,43,12,463,623,Video
2026-02-22 18:03:47.810459,smoke,Medium,0.808,42,14,463,615,Video
2026-02-22 18:03:48.235584,smoke,Medium,0.806,48,14,463,630,Video
2026-02-22 18:03:48.680088,smoke,Medium,0.841,48,15,463,634,Video
2026-02-22 18:03:49.092446,smoke,Medium,0.843,58,15,463,664,Video
2026-02-22 18:03:49.510049,smoke,Medium,0.831,58,15,463,664,Video
2026-02-22 18:03:49.928142,smoke,Medium,0.806,59,14,462,678,Video
2026-02-22 18:03:49.932698,fire,Low,0.53,304,619,402,688,Video
2026-02-22 18:03:50.343663,smoke,Medium,0.801,98,14,462,671,Video
2026-02-22 18:03:50.754489,smoke,Low,0.792,118,14,461,683,Video
2026-02-22 18:03:51.170716,smoke,Medium,0.807,116,14,462,691,Video
2026-02-22 18:03:51.175485,fire,Low,0.593,308,632,406,698,Video
2026-02-22 18:03:51.583902,smoke,Medium,0.807,123,15,463,695,Video
2026-02-22 18:03:51.589360,fire,Low,0.563,312,631,408,700,Video
2026-02-22 18:03:52.017452,smoke,Low,0.784,127,15,462,671,Video
2026-02-22 18:03:52.432836,smoke,Medium,0.824,122,14,462,714,Video
2026-02-22 18:03:52.438421,fire,Low,0.542,318,644,422,709,Video
2026-02-22 18:03:52.852215,smoke,Medium,0.82,112,14,462,712,Video
2026-02-22 18:03:52.857303,fire,Low,0.533,317,641,421,712,Video
2026-02-22 18:03:53.267838,smoke,Medium,0.865,40,15,456,619,Video
2026-02-22 18:03:53.673805,smoke,Medium,0.822,49,14,456,612,Video
2026-02-22 18:03:54.730824,smoke,Medium,0.846,40,14,456,621,Video
2026-02-22 18:03:55.183795,smoke,Medium,0.831,55,13,456,620,Video
2026-02-22 18:03:55.189247,fire,Low,0.51,120,408,176,507,Video
2026-02-22 18:03:55.637483,smoke,Medium,0.803,43,13,457,617,Video
2026-02-22 18:03:56.052890,smoke,Low,0.797,56,12,457,626,Video
2026-02-22 18:03:56.477157,smoke,Medium,0.802,123,18,457,683,Video
2026-02-22 18:03:56.926246,smoke,Medium,0.854,124,16,458,730,Video
2026-02-22 18:03:57.334718,smoke,Low,0.767,123,17,456,716,Video
2026-02-22 18:03:57.340311,fire,Low,0.716,317,654,389,729,Video
2026-02-22 18:03:57.747393,smoke,Medium,0.843,119,17,459,631,Video
2026-02-22 18:03:58.155201,smoke,Low,0.763,117,22,456,706,Video
2026-02-22 18:03:58.567571,smoke,Medium,0.812,114,18,459,643,Video
2026-02-22 18:03:58.957399,smoke,Low,0.779,120,16,457,641,Video
2026-02-22 18:03:58.963187,fire,Low,0.576,119,424,174,516,Video
2026-02-22 18:03:59.365669,smoke,Medium,0.853,117,15,457,652,Video
2026-02-22 18:03:59.770793,smoke,Medium,0.862,115,16,458,654,Video
2026-02-22 18:04:00.205799,smoke,Medium,0.854,114,17,458,677,Video
2026-02-22 18:04:00.620080,smoke,Medium,0.838,120,15,458,651,Video
2026-02-22 18:04:01.026553,smoke,Medium,0.847,110,13,455,652,Video
2026-02-22 18:04:01.427474,smoke,Medium,0.848,112,17,457,676,Video
2026-02-22 18:04:01.827186,smoke,Medium,0.826,107,14,455,658,Video
2026-02-22 18:04:02.225478,smoke,Medium,0.841,102,12,456,657,Video
2026-02-22 18:04:02.651525,smoke,Medium,0.825,95,14,455,643,Video
2026-02-22 18:04:02.657691,fire,Low,0.608,109,407,170,521,Video
2026-02-22 18:04:03.062620,smoke,Medium,0.836,97,12,455,645,Video
2026-02-22 18:04:03.465380,smoke,Medium,0.849,86,15,456,646,Video
2026-02-22 18:04:03.927606,smoke,Medium,0.838,97,14,457,574,Video
2026-02-22 18:04:04.687729,smoke,Medium,0.842,85,14,458,570,Video
2026-02-22 18:04:05.111965,smoke,Medium,0.802,76,14,456,629,Video
2026-02-22 18:04:05.526150,smoke,Low,0.776,78,13,457,661,Video
2026-02-22 18:04:05.952371,smoke,Low,0.786,72,12,456,560,Video
2026-02-22 18:04:06.380281,smoke,Medium,0.828,73,10,457,598,Video
2026-02-22 18:04:06.385717,fire,Low,0.505,320,642,386,708,Video
2026-02-22 18:04:06.817528,smoke,Medium,0.831,70,12,457,677,Video
2026-02-22 18:04:07.270281,smoke,Medium,0.824,69,12,456,692,Video
2026-02-22 18:04:07.697446,smoke,Medium,0.873,57,10,456,588,Video
2026-02-22 18:04:08.117544,smoke,Medium,0.809,65,13,456,699,Video
2026-02-22 18:04:08.539473,smoke,Medium,0.86,56,10,457,585,Video
2026-02-22 18:04:08.544044,smoke,Low,0.557,345,601,461,696,Video
2026-02-22 18:04:08.964804,smoke,Medium,0.873,52,11,457,584,Video
2026-02-22 18:04:09.377969,smoke,Medium,0.856,42,11,456,590,Video
2026-02-22 18:04:09.789365,smoke,Medium,0.834,44,11,456,593,Video
2026-02-22 18:04:10.220235,smoke,Medium,0.814,55,10,458,590,Video
2026-02-22 18:04:10.645575,smoke,Medium,0.836,59,18,457,687,Video
2026-02-22 18:04:10.650214,fire,Low,0.758,331,623,410,693,Video
2026-02-22 18:04:11.079467,smoke,Medium,0.865,46,11,458,498,Video
2026-02-22 18:04:11.085148,smoke,Low,0.624,314,522,457,695,Video
2026-02-22 18:04:11.090039,fire,Low,0.555,333,619,427,702,Video
2026-02-22 18:04:11.513702,smoke,Medium,0.842,50,13,458,545,Video
2026-02-22 18:04:11.518908,fire,Low,0.683,336,618,416,687,Video
2026-02-22 18:04:11.524532,fire,Low,0.542,117,426,182,498,Video
2026-02-22 18:04:11.961708,smoke,Medium,0.816,39,15,459,501,Video
2026-02-22 18:04:11.965923,fire,Low,0.709,339,615,438,704,Video
2026-02-22 18:04:11.976638,smoke,Low,0.683,321,520,455,703,Video
2026-02-22 18:04:11.983860,fire,Low,0.542,116,422,187,497,Video
2026-02-22 18:04:12.403545,smoke,Medium,0.833,40,14,458,501,Video
2026-02-22 18:04:12.410457,fire,Low,0.681,341,613,442,705,Video
2026-02-22 18:04:12.416728,fire,Low,0.641,304,583,338,611,Video
2026-02-22 18:04:12.424763,smoke,Low,0.628,321,521,462,704,Video
2026-02-22 18:04:12.845484,smoke,Medium,0.838,38,13,458,505,Video
2026-02-22 18:04:12.850229,smoke,Low,0.654,329,525,466,703,Video
2026-02-22 18:04:13.270165,smoke,Medium,0.845,53,11,459,523,Video
2026-02-22 18:04:13.678296,smoke,Medium,0.861,45,13,458,508,Video
2026-02-22 18:04:13.682084,smoke,Low,0.69,355,528,468,699,Video
2026-02-22 18:04:14.092206,smoke,Medium,0.885,43,16,459,515,Video
2026-02-22 18:04:14.097436,smoke,Low,0.558,354,529,467,695,Video
2026-02-22 18:04:14.499280,smoke,High,0.907,39,17,463,518,Video
2026-02-22 18:04:14.932137,smoke,Medium,0.895,36,18,463,521,Video
2026-02-22 18:04:14.937465,fire,Low,0.516,110,424,191,498,Video
2026-02-22 18:04:15.356519,smoke,Medium,0.896,32,17,461,529,Video
2026-02-22 18:04:15.783841,smoke,Medium,0.896,34,19,459,536,Video
2026-02-22 18:04:16.207685,smoke,Medium,0.892,27,16,458,532,Video
2026-02-22 18:04:16.634428,smoke,High,0.907,26,20,460,517,Video
2026-02-22 18:04:17.055253,smoke,Medium,0.884,25,19,464,539,Video
2026-02-22 18:04:17.060491,fire,Low,0.543,104,424,187,494,Video
2026-02-22 18:04:17.478309,smoke,Medium,0.853,25,19,463,564,Video
2026-02-22 18:04:17.484589,fire,Low,0.603,256,553,348,599,Video
2026-02-22 18:04:17.490382,fire,Low,0.6,226,508,327,537,Video
2026-02-22 18:04:17.902141,smoke,Medium,0.872,25,24,465,536,Video
2026-02-22 18:04:18.317853,smoke,Medium,0.836,23,25,464,564,Video
2026-02-22 18:04:18.323484,fire,Low,0.621,100,431,179,490,Video
2026-02-22 18:04:19.427489,smoke,Medium,0.858,24,26,465,558,Video
2026-02-22 18:04:19.432080,fire,Low,0.53,101,428,179,490,Video
2026-02-22 18:04:19.840123,smoke,Medium,0.88,25,23,465,558,Video
2026-02-22 18:04:20.241752,smoke,Medium,0.885,24,31,465,550,Video
2026-02-22 18:04:20.681269,smoke,Medium,0.858,21,16,464,604,Video
2026-02-22 18:04:21.097305,smoke,High,0.906,21,21,465,520,Video
2026-02-22 18:04:21.502815,smoke,Medium,0.889,21,20,464,585,Video
2026-02-22 18:04:21.507376,fire,Low,0.556,100,416,183,474,Video
2026-02-22 18:04:21.942750,smoke,Medium,0.898,19,20,463,536,Video
2026-02-22 18:04:22.368947,smoke,Medium,0.878,17,18,463,556,Video
2026-02-22 18:04:22.374816,fire,Low,0.656,98,414,185,469,Video
2026-02-22 18:04:22.785157,smoke,High,0.908,19,19,463,537,Video
2026-02-22 18:04:22.790683,fire,Low,0.775,98,412,185,466,Video
2026-02-22 18:04:23.179663,smoke,Medium,0.871,17,22,463,500,Video
2026-02-22 18:04:23.184762,fire,Low,0.667,100,413,187,465,Video
2026-02-22 18:04:23.595791,smoke,High,0.904,15,21,464,499,Video
2026-02-22 18:04:24.017539,smoke,Medium,0.889,16,24,462,553,Video
2026-02-22 18:04:24.021474,fire,Low,0.581,103,409,192,459,Video
2026-02-22 18:04:24.426984,smoke,Medium,0.889,14,24,463,497,Video
2026-02-22 18:04:24.436137,fire,Low,0.728,101,400,156,442,Video
2026-02-22 18:04:24.836744,smoke,Medium,0.877,16,22,463,498,Video
2026-02-22 18:04:24.842329,fire,Low,0.762,102,401,158,445,Video
2026-02-22 18:04:25.242490,smoke,Medium,0.887,17,21,464,495,Video
2026-02-22 18:04:25.637735,smoke,Medium,0.883,18,28,465,497,Video
2026-02-22 18:04:25.642305,fire,Low,0.565,109,411,162,450,Video
2026-02-22 18:04:26.064903,smoke,Medium,0.89,17,25,468,496,Video
2026-02-22 18:04:26.482196,smoke,Medium,0.861,19,32,465,505,Video
2026-02-22 18:04:26.881865,smoke,Medium,0.868,19,32,464,508,Video
2026-02-22 18:04:27.286926,smoke,Medium,0.86,19,25,463,507,Video
2026-02-22 18:04:27.292145,fire,Low,0.56,122,418,170,454,Video
2026-02-22 18:04:27.709081,smoke,Medium,0.878,18,25,464,510,Video
2026-02-22 18:04:27.715040,fire,Low,0.609,124,422,171,453,Video
2026-02-22 18:04:28.148185,smoke,Medium,0.871,18,25,461,501,Video
2026-02-22 18:04:28.567557,smoke,Medium,0.884,22,25,465,569,Video
2026-02-22 18:04:28.972722,smoke,Medium,0.875,21,21,461,571,Video
2026-02-22 18:04:29.379428,smoke,Medium,0.883,20,19,460,572,Video
2026-02-22 18:04:29.771793,smoke,Medium,0.885,20,17,463,545,Video
2026-02-22 18:04:30.162742,smoke,Medium,0.891,21,16,462,544,Video
2026-02-22 18:04:30.562974,smoke,Medium,0.865,21,12,464,570,Video
2026-02-22 18:04:30.959294,smoke,Medium,0.873,21,19,463,538,Video
2026-02-22 18:04:31.364192,smoke,Medium,0.864,20,18,464,531,Video
2026-02-22 18:04:31.770922,smoke,Medium,0.871,19,60,464,572,Video
2026-02-22 18:04:31.777123,fire,Low,0.547,278,479,384,534,Video
2026-02-22 18:04:32.183580,smoke,Medium,0.848,19,13,461,542,Video
2026-02-22 18:04:32.189216,fire,Low,0.691,284,490,391,546,Video
2026-02-22 18:04:32.194333,fire,Low,0.571,12,332,68,403,Video
2026-02-22 18:04:32.596092,smoke,Medium,0.855,19,23,464,550,Video
2026-02-22 18:04:32.981447,smoke,Medium,0.863,19,14,462,548,Video
2026-02-22 18:04:33.375472,smoke,Medium,0.862,19,16,462,552,Video
2026-02-22 18:04:33.769383,smoke,Medium,0.845,22,18,463,576,Video
2026-02-22 18:04:34.172094,smoke,Low,0.775,29,21,464,596,Video
2026-02-22 18:04:34.568180,smoke,Medium,0.82,28,22,463,575,Video
2026-02-22 18:04:34.971696,smoke,Medium,0.808,24,18,463,525,Video
2026-02-22 18:04:35.376174,smoke,Medium,0.81,27,12,463,558,Video
2026-02-22 18:04:35.773359,smoke,Medium,0.832,27,10,462,501,Video
2026-02-22 18:04:36.172731,smoke,Medium,0.825,33,10,463,607,Video
2026-02-22 18:04:36.610524,smoke,Medium,0.893,27,9,461,622,Video
2026-02-22 18:04:36.615573,fire,Low,0.531,39,377,160,491,Video
2026-02-22 18:04:37.044288,smoke,Medium,0.895,28,9,460,620,Video
2026-02-22 18:04:37.049100,fire,Low,0.528,45,382,164,493,Video
2026-02-22 18:04:37.467550,smoke,Medium,0.888,35,14,457,636,Video
2026-02-22 18:04:37.882052,smoke,Medium,0.867,33,15,457,651,Video
2026-02-22 18:04:38.315480,smoke,Medium,0.848,43,16,456,667,Video
2026-02-22 18:04:38.740930,smoke,Medium,0.848,40,15,455,682,Video
2026-02-22 18:04:39.169319,smoke,Medium,0.899,41,14,457,541,Video
2026-02-22 18:04:39.598907,smoke,High,0.903,41,13,458,546,Video
2026-02-22 18:04:40.036443,smoke,Medium,0.891,36,13,457,552,Video
2026-02-22 18:04:40.501780,smoke,Medium,0.876,35,17,457,568,Video
2026-02-22 18:04:42.109792,smoke,Medium,0.894,37,16,458,563,Video
2026-02-22 18:04:43.510407,smoke,Medium,0.864,38,22,456,580,Video
2026-02-22 18:04:43.967631,smoke,Medium,0.849,60,30,456,566,Video
2026-02-22 18:04:44.467452,smoke,Medium,0.858,45,33,457,562,Video
2026-02-22 18:04:44.475107,fire,Low,0.661,109,466,188,542,Video
2026-02-22 18:04:44.952343,smoke,Medium,0.878,32,29,457,561,Video
2026-02-22 18:04:44.957596,fire,Low,0.708,112,473,195,546,Video
2026-02-22 18:04:45.363025,smoke,Medium,0.882,27,19,454,572,Video
2026-02-22 18:04:45.760362,smoke,Medium,0.856,27,26,454,581,Video
2026-02-22 18:04:46.235653,smoke,Low,0.784,24,26,453,559,Video
2026-02-22 18:04:46.885492,smoke,Medium,0.826,26,20,452,558,Video
2026-02-22 18:04:47.320759,smoke,Medium,0.875,26,16,454,565,Video
2026-02-22 18:04:47.742496,smoke,Medium,0.882,30,17,456,591,Video
2026-02-22 18:04:48.160604,smoke,Medium,0.893,28,17,457,560,Video
2026-02-22 18:04:48.606901,smoke,High,0.909,32,15,459,571,Video
2026-02-22 18:04:49.007782,smoke,Medium,0.891,25,17,457,602,Video
2026-02-22 18:04:49.012342,fire,Low,0.504,415,726,447,747,Video
2026-02-22 18:04:49.413927,smoke,Medium,0.891,24,16,457,594,Video
2026-02-22 18:04:49.418965,fire,Low,0.598,417,736,457,754,Video
2026-02-22 18:04:49.429022,fire,Low,0.594,156,562,246,649,Video
2026-02-22 18:04:49.848154,smoke,Medium,0.885,22,16,456,596,Video
2026-02-22 18:04:50.244506,smoke,Medium,0.86,23,16,454,594,Video
2026-02-22 18:04:50.657533,smoke,Medium,0.891,29,16,456,606,Video
2026-02-22 18:04:51.066158,smoke,Medium,0.875,23,16,454,602,Video
2026-02-22 18:04:51.487022,smoke,Medium,0.9,24,15,460,592,Video
2026-02-22 18:04:51.891791,smoke,High,0.902,26,17,453,618,Video
2026-02-22 18:04:51.897161,fire,Low,0.692,440,780,476,799,Video
2026-02-22 18:04:52.307630,smoke,Medium,0.896,26,17,453,613,Video
2026-02-22 18:04:52.711437,smoke,Medium,0.895,23,16,454,637,Video
2026-02-22 18:04:53.128040,smoke,Medium,0.889,23,15,455,646,Video
2026-02-22 18:04:53.523687,smoke,Medium,0.88,27,11,457,651,Video
2026-02-22 18:04:53.930221,smoke,Medium,0.889,24,15,461,657,Video
2026-02-22 18:04:54.344480,smoke,Medium,0.894,21,11,455,662,Video
2026-02-22 18:04:54.778900,smoke,Medium,0.884,25,12,456,672,Video
2026-02-22 18:04:54.783962,fire,Low,0.596,107,489,144,551,Video
2026-02-22 18:04:55.225297,smoke,Medium,0.881,20,11,455,674,Video
2026-02-22 18:04:55.229331,fire,Low,0.573,229,690,322,752,Video
2026-02-22 18:04:55.672263,smoke,Medium,0.891,19,14,453,665,Video
2026-02-22 18:04:55.677427,fire,Low,0.641,116,504,153,564,Video
2026-02-22 18:04:56.100537,smoke,Medium,0.887,19,15,453,666,Video
2026-02-22 18:04:56.105629,fire,Medium,0.802,235,694,352,794,Video
2026-02-22 18:04:56.110215,fire,Low,0.708,120,511,160,572,Video
2026-02-22 18:04:56.523466,smoke,Medium,0.894,23,14,455,667,Video
2026-02-22 18:04:56.528961,fire,Medium,0.805,238,698,353,800,Video
2026-02-22 18:04:56.535425,fire,Low,0.676,124,516,165,580,Video
2026-02-22 18:04:56.545118,fire,Low,0.5,51,339,143,421,Video
2026-02-22 18:04:56.952594,smoke,Medium,0.866,18,16,453,659,Video
2026-02-22 18:04:56.957714,fire,Low,0.733,245,707,357,806,Video
2026-02-22 18:04:56.962313,fire,Low,0.546,129,523,169,584,Video
2026-02-22 18:04:57.374245,smoke,Medium,0.868,21,14,456,652,Video
2026-02-22 18:04:57.378877,fire,Low,0.714,133,530,175,591,Video
2026-02-22 18:04:57.811263,smoke,Medium,0.882,34,14,454,713,Video
2026-02-22 18:04:58.229969,smoke,Medium,0.865,24,15,455,712,Video
2026-02-22 18:04:58.654695,smoke,Medium,0.876,23,14,457,717,Video
2026-02-22 18:04:58.660427,fire,Low,0.777,39,348,95,378,Video
2026-02-22 18:04:59.081569,smoke,Medium,0.888,26,14,453,718,Video
2026-02-22 18:04:59.085850,fire,Low,0.785,271,751,390,838,Video
2026-02-22 18:04:59.093429,fire,Low,0.664,97,387,168,448,Video
2026-02-22 18:04:59.549032,smoke,Medium,0.886,26,17,454,719,Video
2026-02-22 18:04:59.555589,fire,Low,0.706,274,751,380,842,Video
2026-02-22 18:04:59.561302,fire,Low,0.704,30,211,76,287,Video
2026-02-22 18:05:00.002693,smoke,Medium,0.821,26,17,454,721,Video
2026-02-22 18:05:00.008126,fire,Low,0.791,274,752,381,842,Video
2026-02-22 18:05:01.158367,smoke,Medium,0.852,28,17,454,723,Video
2026-02-22 18:05:01.163485,fire,Low,0.764,276,755,386,843,Video
2026-02-22 18:05:01.170477,fire,Low,0.519,37,222,81,298,Video
2026-02-22 18:05:01.710069,smoke,Low,0.788,34,17,455,732,Video
2026-02-22 18:05:01.720389,fire,Low,0.708,281,761,390,845,Video
2026-02-22 18:05:02.742726,fire,Low,0.789,285,765,392,840,Video
2026-02-22 18:05:02.750292,smoke,Low,0.766,53,17,456,723,Video
2026-02-22 18:05:03.204086,smoke,Medium,0.82,30,15,454,543,Video
2026-02-22 18:05:03.210457,fire,Low,0.523,121,427,200,556,Video
2026-02-22 18:05:03.641118,smoke,Low,0.768,41,17,455,737,Video
2026-02-22 18:05:04.091358,smoke,Medium,0.864,28,14,453,554,Video
2026-02-22 18:05:04.096893,fire,Low,0.783,55,238,100,307,Video
2026-02-22 18:05:04.505655,smoke,Medium,0.843,22,15,454,555,Video
2026-02-22 18:05:04.511419,fire,Low,0.789,59,241,104,311,Video
2026-02-22 18:05:05.644217,smoke,High,0.912,28,15,456,563,Video
2026-02-22 18:05:05.647929,fire,Low,0.515,258,714,297,761,Video
2026-02-22 18:05:06.152896,smoke,Low,0.799,37,13,461,654,Video
2026-02-22 18:05:06.157200,fire,Low,0.696,67,250,111,323,Video
2026-02-22 18:05:06.584051,smoke,High,0.909,24,13,461,568,Video
2026-02-22 18:05:06.589060,fire,Low,0.785,61,361,122,424,Video
2026-02-22 18:05:07.037539,smoke,Medium,0.857,43,14,459,587,Video
2026-02-22 18:05:07.043166,fire,Low,0.756,73,258,116,327,Video
2026-02-22 18:05:07.542175,smoke,Medium,0.821,53,13,456,606,Video
2026-02-22 18:05:07.546506,fire,Low,0.689,75,261,120,335,Video
2026-02-22 18:05:07.552050,fire,Low,0.57,277,747,389,847,Video
2026-02-22 18:05:07.993469,smoke,Medium,0.828,24,15,455,616,Video
2026-02-22 18:05:08.001110,smoke,Medium,0.822,379,678,478,846,Video
2026-02-22 18:05:08.007766,fire,Low,0.564,285,752,366,843,Video
2026-02-22 18:05:08.434054,smoke,Medium,0.86,26,13,454,635,Video
2026-02-22 18:05:08.440224,smoke,Low,0.788,378,678,478,847,Video
2026-02-22 18:05:08.886460,smoke,Medium,0.865,21,16,453,639,Video
2026-02-22 18:05:08.893431,smoke,Low,0.702,383,678,478,845,Video
2026-02-22 18:05:08.899011,fire,Low,0.584,295,762,355,843,Video
2026-02-22 18:05:09.323727,smoke,Medium,0.886,21,17,454,615,Video
2026-02-22 18:05:09.328941,smoke,Low,0.614,373,663,478,847,Video
2026-02-22 18:05:09.333374,fire,Low,0.503,172,443,245,613,Video
2026-02-22 18:05:09.757708,smoke,Medium,0.863,22,15,454,630,Video
2026-02-22 18:05:09.763274,fire,Low,0.541,170,484,248,618,Video
2026-02-22 18:05:10.164315,smoke,Medium,0.857,25,15,454,633,Video
2026-02-22 18:05:10.605907,smoke,Medium,0.871,28,15,455,641,Video
2026-02-22 18:05:10.612894,fire,Low,0.639,172,470,260,628,Video
2026-02-22 18:05:10.622701,smoke,Low,0.606,328,672,478,847,Video
2026-02-22 18:05:10.631604,fire,Low,0.512,253,684,304,754,Video
2026-02-22 18:05:11.629219,smoke,Medium,0.879,24,15,455,638,Video
2026-02-22 18:05:11.636809,smoke,Low,0.728,329,673,477,846,Video
2026-02-22 18:05:11.642118,fire,Low,0.64,192,481,264,628,Video
2026-02-22 18:05:12.109379,smoke,Medium,0.879,26,15,455,629,Video
2026-02-22 18:05:12.113769,smoke,Low,0.724,350,642,477,847,Video
2026-02-22 18:05:12.116910,fire,Low,0.713,193,475,270,628,Video
2026-02-22 18:05:12.540672,smoke,Medium,0.873,25,15,455,637,Video
2026-02-22 18:05:12.544796,fire,Low,0.675,212,527,269,638,Video
2026-02-22 18:05:12.552552,fire,Low,0.635,266,694,322,772,Video
2026-02-22 18:05:12.558078,smoke,Low,0.602,345,661,477,846,Video
2026-02-22 18:05:13.073213,smoke,Medium,0.849,22,14,455,639,Video
2026-02-22 18:05:13.077296,smoke,Low,0.721,353,660,477,847,Video
2026-02-22 18:05:13.085686,fire,Low,0.595,200,488,276,643,Video
2026-02-22 18:05:13.954768,smoke,Medium,0.839,43,14,464,608,Video
2026-02-22 18:05:21.240357,smoke,Medium,0.839,43,14,464,608,Video
2026-02-22 18:05:28.515900,smoke,Medium,0.839,43,14,464,608,Video
2026-02-22 18:05:29.389221,smoke,Medium,0.806,43,12,463,623,Video
2026-02-22 18:05:29.800092,smoke,Medium,0.808,42,14,463,615,Video
2026-02-22 18:05:30.205424,smoke,Medium,0.806,48,14,463,630,Video
2026-02-22 18:05:31.460204,smoke,Medium,0.841,48,15,463,634,Video
2026-02-22 18:05:31.875867,smoke,Medium,0.843,58,15,463,664,Video
2026-02-22 18:05:32.314040,smoke,Medium,0.831,58,15,463,664,Video
2026-02-22 18:05:32.721943,smoke,Medium,0.806,59,14,462,678,Video
2026-02-22 18:05:32.726291,fire,Low,0.53,304,619,402,688,Video
2026-02-22 18:05:33.159211,smoke,Medium,0.801,98,14,462,671,Video
2026-02-22 18:05:35.499684,smoke,Medium,0.839,43,14,464,608,Video
2026-02-22 18:05:35.898944,smoke,Medium,0.806,43,12,463,623,Video
2026-02-22 18:05:36.297653,smoke,Medium,0.808,42,14,463,615,Video
2026-02-22 18:05:36.871149,smoke,Medium,0.806,48,14,463,630,Video
2026-02-22 18:05:37.342159,smoke,Medium,0.841,48,15,463,634,Video
2026-02-22 18:05:37.899436,smoke,Medium,0.843,58,15,463,664,Video
2026-02-22 18:05:38.326166,smoke,Medium,0.831,58,15,463,664,Video
2026-02-22 18:05:39.306194,smoke,Medium,0.839,43,14,464,608,Video
2026-02-22 18:05:39.919108,smoke,Medium,0.806,43,12,463,623,Video
2026-02-22 18:05:40.319043,smoke,Medium,0.808,42,14,463,615,Video
2026-02-22 18:05:40.709439,smoke,Medium,0.806,48,14,463,630,Video
2026-02-22 18:05:41.125274,smoke,Medium,0.841,48,15,463,634,Video
2026-02-22 18:05:41.532329,smoke,Medium,0.843,58,15,463,664,Video
2026-02-22 18:05:41.938992,smoke,Medium,0.831,58,15,463,664,Video
2026-02-22 18:05:42.349793,smoke,Medium,0.806,59,14,462,678,Video
2026-02-22 18:05:42.356446,fire,Low,0.53,304,619,402,688,Video
2026-02-22 18:05:42.763263,smoke,Medium,0.801,98,14,462,671,Video
2026-02-22 18:05:43.162266,smoke,Low,0.792,118,14,461,683,Video
2026-02-22 18:05:43.555623,smoke,Medium,0.807,116,14,462,691,Video
2026-02-22 18:05:43.560835,fire,Low,0.593,308,632,406,698,Video
2026-02-22 18:05:43.970841,smoke,Medium,0.807,123,15,463,695,Video
2026-02-22 18:05:43.974670,fire,Low,0.563,312,631,408,700,Video
2026-02-22 18:05:44.388215,smoke,Low,0.784,127,15,462,671,Video
2026-02-22 18:05:44.799700,smoke,Medium,0.824,122,14,462,714,Video
2026-02-22 18:05:44.805243,fire,Low,0.542,318,644,422,709,Video
2026-02-22 18:05:45.217375,smoke,Medium,0.82,112,14,462,712,Video
2026-02-22 18:05:45.223061,fire,Low,0.533,317,641,421,712,Video
2026-02-22 18:05:45.639407,smoke,Medium,0.865,40,15,456,619,Video
2026-02-22 18:05:46.028320,smoke,Medium,0.822,49,14,456,612,Video
2026-02-22 18:05:46.439634,smoke,Medium,0.846,40,14,456,621,Video
2026-02-22 18:05:46.834239,smoke,Medium,0.831,55,13,456,620,Video
2026-02-22 18:05:46.841216,fire,Low,0.51,120,408,176,507,Video
2026-02-22 18:05:47.252639,smoke,Medium,0.803,43,13,457,617,Video
2026-02-22 18:05:47.648141,smoke,Low,0.797,56,12,457,626,Video
2026-02-22 18:05:48.053664,smoke,Medium,0.802,123,18,457,683,Video
2026-02-22 18:05:48.461225,smoke,Medium,0.854,124,16,458,730,Video
2026-02-22 18:05:48.872522,smoke,Low,0.767,123,17,456,716,Video
2026-02-22 18:05:48.876869,fire,Low,0.716,317,654,389,729,Video
2026-02-22 18:05:49.271244,smoke,Medium,0.843,119,17,459,631,Video
2026-02-22 18:05:49.667268,smoke,Low,0.763,117,22,456,706,Video
2026-02-22 18:05:50.066754,smoke,Medium,0.812,114,18,459,643,Video
2026-02-22 18:05:50.467087,smoke,Low,0.779,120,16,457,641,Video
2026-02-22 18:05:50.471976,fire,Low,0.576,119,424,174,516,Video
2026-02-22 18:05:50.881217,smoke,Medium,0.853,117,15,457,652,Video
2026-02-22 18:05:51.291910,smoke,Medium,0.862,115,16,458,654,Video
2026-02-22 18:05:51.690931,smoke,Medium,0.854,114,17,458,677,Video
2026-02-22 18:05:52.083562,smoke,Medium,0.838,120,15,458,651,Video
2026-02-22 18:05:52.480886,smoke,Medium,0.847,110,13,455,652,Video
2026-02-22 18:05:52.877998,smoke,Medium,0.848,112,17,457,676,Video
2026-02-22 18:05:53.279308,smoke,Medium,0.826,107,14,455,658,Video
2026-02-22 18:05:53.671198,smoke,Medium,0.841,102,12,456,657,Video
2026-02-22 18:05:54.064996,smoke,Medium,0.825,95,14,455,643,Video
2026-02-22 18:05:54.070782,fire,Low,0.608,109,407,170,521,Video
2026-02-22 18:05:54.482296,smoke,Medium,0.836,97,12,455,645,Video
2026-02-22 18:05:54.868027,smoke,Medium,0.849,86,15,456,646,Video
2026-02-22 18:05:55.250902,smoke,Medium,0.838,97,14,457,574,Video
2026-02-22 18:05:55.644368,smoke,Medium,0.842,85,14,458,570,Video
2026-02-22 18:05:56.035941,smoke,Medium,0.802,76,14,456,629,Video
2026-02-22 18:05:56.436462,smoke,Low,0.776,78,13,457,661,Video
2026-02-22 18:05:56.833320,smoke,Low,0.786,72,12,456,560,Video
2026-02-22 18:05:57.232819,smoke,Medium,0.828,73,10,457,598,Video
2026-02-22 18:05:57.237058,fire,Low,0.505,320,642,386,708,Video
2026-02-22 18:05:57.634215,smoke,Medium,0.831,70,12,457,677,Video
2026-02-22 18:05:58.030170,smoke,Medium,0.824,69,12,456,692,Video
2026-02-22 18:05:58.421026,smoke,Medium,0.873,57,10,456,588,Video
2026-02-22 18:05:58.815342,smoke,Medium,0.809,65,13,456,699,Video
2026-02-22 18:05:59.204549,smoke,Medium,0.86,56,10,457,585,Video
2026-02-22 18:05:59.209652,smoke,Low,0.557,345,601,461,696,Video
2026-02-22 18:05:59.594615,smoke,Medium,0.873,52,11,457,584,Video
2026-02-22 18:05:59.991056,smoke,Medium,0.856,42,11,456,590,Video
2026-02-22 18:06:00.381031,smoke,Medium,0.834,44,11,456,593,Video
2026-02-22 18:06:00.783199,smoke,Medium,0.814,55,10,458,590,Video
2026-02-22 18:06:01.189134,smoke,Medium,0.836,59,18,457,687,Video
2026-02-22 18:06:01.195079,fire,Low,0.758,331,623,410,693,Video
2026-02-22 18:06:01.600862,smoke,Medium,0.865,46,11,458,498,Video
2026-02-22 18:06:01.605983,smoke,Low,0.624,314,522,457,695,Video
2026-02-22 18:06:01.611084,fire,Low,0.555,333,619,427,702,Video
2026-02-22 18:06:02.003765,smoke,Medium,0.842,50,13,458,545,Video
2026-02-22 18:06:02.008317,fire,Low,0.683,336,618,416,687,Video
2026-02-22 18:06:02.016591,fire,Low,0.542,117,426,182,498,Video
2026-02-22 18:06:02.442956,smoke,Medium,0.816,39,15,459,501,Video
2026-02-22 18:06:02.449119,fire,Low,0.709,339,615,438,704,Video
2026-02-22 18:06:02.456649,smoke,Low,0.683,321,520,455,703,Video
2026-02-22 18:06:02.463355,fire,Low,0.542,116,422,187,497,Video
2026-02-22 18:06:02.884614,smoke,Medium,0.833,40,14,458,501,Video
2026-02-22 18:06:02.889704,fire,Low,0.681,341,613,442,705,Video
2026-02-22 18:06:02.896290,fire,Low,0.641,304,583,338,611,Video
2026-02-22 18:06:02.902238,smoke,Low,0.628,321,521,462,704,Video
2026-02-22 18:06:03.315341,smoke,Medium,0.838,38,13,458,505,Video
2026-02-22 18:06:03.322031,smoke,Low,0.654,329,525,466,703,Video
2026-02-22 18:06:03.733003,smoke,Medium,0.845,53,11,459,523,Video
2026-02-22 18:06:04.150832,smoke,Medium,0.861,45,13,458,508,Video
2026-02-22 18:06:04.156202,smoke,Low,0.69,355,528,468,699,Video
2026-02-22 18:06:04.561852,smoke,Medium,0.885,43,16,459,515,Video
2026-02-22 18:06:04.567278,smoke,Low,0.558,354,529,467,695,Video
2026-02-22 18:06:04.977968,smoke,High,0.907,39,17,463,518,Video
2026-02-22 18:06:05.388370,smoke,Medium,0.895,36,18,463,521,Video
2026-02-22 18:06:05.393961,fire,Low,0.516,110,424,191,498,Video
2026-02-22 18:06:05.802084,smoke,Medium,0.896,32,17,461,529,Video
2026-02-22 18:06:06.223246,smoke,Medium,0.896,34,19,459,536,Video
2026-02-22 18:06:06.635408,smoke,Medium,0.892,27,16,458,532,Video
2026-02-22 18:06:07.053660,smoke,High,0.907,26,20,460,517,Video
2026-02-22 18:06:07.466192,smoke,Medium,0.884,25,19,464,539,Video
2026-02-22 18:06:07.472303,fire,Low,0.543,104,424,187,494,Video
2026-02-22 18:06:07.906009,smoke,Medium,0.853,25,19,463,564,Video
2026-02-22 18:06:07.910894,fire,Low,0.603,256,553,348,599,Video
2026-02-22 18:06:07.915226,fire,Low,0.6,226,508,327,537,Video
2026-02-22 18:06:08.349426,smoke,Medium,0.872,25,24,465,536,Video
2026-02-22 18:06:08.767324,smoke,Medium,0.836,23,25,464,564,Video
2026-02-22 18:06:08.772920,fire,Low,0.621,100,431,179,490,Video
2026-02-22 18:06:09.197943,smoke,Medium,0.858,24,26,465,558,Video
2026-02-22 18:06:09.206169,fire,Low,0.53,101,428,179,490,Video
2026-02-22 18:06:09.622259,smoke,Medium,0.88,25,23,465,558,Video
2026-02-22 18:06:10.056963,smoke,Medium,0.885,24,31,465,550,Video
2026-02-22 18:06:10.469794,smoke,Medium,0.858,21,16,464,604,Video
2026-02-22 18:06:10.866549,smoke,High,0.906,21,21,465,520,Video
2026-02-22 18:06:11.278925,smoke,Medium,0.889,21,20,464,585,Video
2026-02-22 18:06:11.285794,fire,Low,0.556,100,416,183,474,Video
2026-02-22 18:06:11.705087,smoke,Medium,0.898,19,20,463,536,Video
2026-02-22 18:06:12.116745,smoke,Medium,0.878,17,18,463,556,Video
2026-02-22 18:06:12.122658,fire,Low,0.656,98,414,185,469,Video
2026-02-22 18:06:12.551241,smoke,High,0.908,19,19,463,537,Video
2026-02-22 18:06:12.556564,fire,Low,0.775,98,412,185,466,Video
2026-02-22 18:06:12.983923,smoke,Medium,0.871,17,22,463,500,Video
2026-02-22 18:06:12.989050,fire,Low,0.667,100,413,187,465,Video
2026-02-22 18:06:13.401119,smoke,High,0.904,15,21,464,499,Video
2026-02-22 18:06:13.827857,smoke,Medium,0.889,16,24,462,553,Video
2026-02-22 18:06:13.832559,fire,Low,0.581,103,409,192,459,Video
2026-02-22 18:06:14.255820,smoke,Medium,0.889,14,24,463,497,Video
2026-02-22 18:06:14.260977,fire,Low,0.728,101,400,156,442,Video
2026-02-22 18:06:14.684854,smoke,Medium,0.877,16,22,463,498,Video
2026-02-22 18:06:14.690344,fire,Low,0.762,102,401,158,445,Video
2026-02-22 18:06:15.099244,smoke,Medium,0.887,17,21,464,495,Video
2026-02-22 18:06:15.510177,smoke,Medium,0.883,18,28,465,497,Video
2026-02-22 18:06:15.515547,fire,Low,0.565,109,411,162,450,Video
2026-02-22 18:06:15.910815,smoke,Medium,0.89,17,25,468,496,Video
2026-02-22 19:28:25.881057,smoke,Low,0.506,283,14,1246,643,Image
2026-02-22 19:30:47.332602,smoke,Low,0.655,0,11,350,341,Image
2026-02-22 19:31:36.935557,smoke,Medium,0.869,17,20,962,565,Image
2026-02-22 19:31:51.028595,smoke,Low,0.585,16,29,1105,720,Image
2026-03-10 21:00:47.989139,fire,Low,0.776,0,186,1260,720,Video
2026-03-10 21:01:00.392166,fire,Low,0.765,1,235,1266,717,Video
2026-03-10 21:01:06.459612,fire,Low,0.693,15,224,1272,718,Video
2026-03-10 21:01:10.555828,fire,Low,0.711,22,221,1257,716,Video
2026-03-10 21:01:13.496174,fire,Low,0.73,35,255,1273,720,Video
2026-03-10 21:01:18.393212,fire,Low,0.618,934,407,1280,717,Video
2026-03-10 21:01:18.429336,fire,Low,0.607,2,253,921,715,Video
2026-03-10 21:01:24.305687,fire,Medium,0.86,954,419,1280,717,Video
2026-03-10 21:01:24.355262,fire,Low,0.746,239,237,934,716,Video
2026-03-10 21:01:28.996700,fire,Low,0.576,2,240,1265,714,Video
2026-03-10 21:01:32.972880,fire,Medium,0.831,0,405,198,718,Video
2026-03-10 21:01:33.127234,fire,Low,0.793,225,388,925,715,Video
2026-03-10 21:01:33.446694,fire,Low,0.597,950,389,1280,716,Video
2026-03-10 21:01:38.720659,fire,Medium,0.878,835,381,1280,718,Video
2026-03-10 21:01:38.778496,fire,Medium,0.874,224,360,838,715,Video
2026-03-10 21:01:38.941227,fire,Medium,0.832,0,370,192,718,Video
2026-03-10 21:01:45.209590,fire,Medium,0.852,988,352,1280,717,Video
2026-03-10 21:01:45.274142,fire,Low,0.631,222,329,937,712,Video
2026-03-10 21:01:50.987164,fire,Low,0.648,202,313,1272,711,Video
2026-03-10 21:01:56.243331,fire,Low,0.706,746,521,1279,716,Video
2026-03-10 21:01:56.325719,fire,Low,0.594,59,325,760,713,Video
2026-03-10 21:02:02.473132,fire,Low,0.646,141,304,1277,715,Video
2026-03-10 21:02:05.623258,fire,Medium,0.815,0,381,161,719,Video
2026-03-10 21:02:05.659259,fire,Low,0.8,235,317,1279,716,Video
2026-03-10 21:02:10.806638,fire,Low,0.769,229,312,1280,714,Video
2026-03-10 21:02:10.854936,fire,Low,0.649,0,351,152,717,Video
2026-03-10 21:02:11.023042,smoke,Low,0.56,76,29,1280,659,Video
2026-03-10 21:02:16.915625,fire,Low,0.786,0,375,135,716,Video
2026-03-10 21:02:16.976820,fire,Low,0.771,140,318,1278,716,Video
2026-03-10 21:02:23.388970,fire,Low,0.784,20,306,1276,716,Video
2026-03-10 21:02:27.616031,fire,Low,0.773,187,298,1275,716,Video
2026-03-10 21:02:35.926441,fire,Medium,0.804,0,426,162,718,Video
2026-03-10 21:02:35.969818,fire,Low,0.798,202,271,1276,717,Video
2026-03-10 21:02:43.688260,fire,Medium,0.807,0,410,169,716,Video
2026-03-10 21:02:43.717601,fire,Low,0.704,256,266,1267,717,Video
2026-03-10 21:02:43.754151,fire,Low,0.7,205,631,273,719,Video
2026-03-10 21:02:49.986636,fire,Low,0.723,23,264,1268,717,Video
2026-03-10 21:03:01.750518,fire,Low,0.773,17,242,1270,716,Video
2026-03-10 21:03:06.251015,fire,Low,0.731,31,252,1269,716,Video
2026-03-10 21:03:18.507279,fire,Medium,0.817,194,233,1276,717,Video
2026-03-10 21:03:19.336636,fire,Low,0.777,0,409,126,715,Video
2026-03-10 21:03:39.134482,fire,Medium,0.826,199,239,1278,718,Video
2026-03-10 21:03:39.439100,fire,Low,0.688,0,467,129,718,Video
2026-03-10 21:03:44.793327,fire,Medium,0.839,203,267,1280,718,Video
2026-03-10 21:03:44.826777,fire,Medium,0.807,0,450,142,719,Video
2026-03-10 21:03:52.597999,fire,Medium,0.817,227,261,1279,718,Video
2026-03-10 21:03:53.400790,fire,Low,0.761,0,464,195,719,Video
2026-03-10 21:04:15.180909,fire,Medium,0.823,0,463,179,718,Video
2026-03-10 21:04:15.585246,fire,Medium,0.803,217,241,1275,717,Video
2026-03-10 21:04:29.279473,fire,Low,0.763,8,220,1267,718,Video
2026-03-10 21:05:00.715963,fire,Low,0.772,13,237,1264,720,Video
2026-03-10 21:22:13.374075,fire,Low,0.776,0,186,1260,720,Video
2026-03-10 21:22:22.681837,fire,Low,0.765,1,235,1266,717,Video
2026-03-10 21:22:34.103720,fire,Low,0.693,15,224,1272,718,Video
2026-03-10 21:22:48.187364,fire,Low,0.711,22,221,1257,716,Video
2026-03-10 21:22:57.704558,fire,Low,0.73,35,255,1273,720,Video
2026-03-10 21:23:15.504703,fire,Low,0.618,934,407,1280,717,Video
2026-03-10 21:23:15.614463,fire,Low,0.607,2,253,921,715,Video
2026-03-10 21:45:37.299283,fire,Medium,0.86,323,349,473,436,Live
2026-03-10 21:45:37.666646,fire,Low,0.58,474,373,495,393,Live
2026-03-10 21:45:37.692110,fire,Low,0.525,502,343,518,366,Live
2026-03-10 21:45:41.868485,fire,Medium,0.834,362,282,515,371,Live
2026-03-10 21:45:41.970733,fire,Low,0.573,339,366,371,387,Live
2026-03-10 21:45:46.586720,fire,Low,0.524,438,400,598,475,Live
2026-03-10 21:45:53.805715,fire,Low,0.563,327,402,566,479,Live
2026-03-10 21:45:57.069164,fire,Low,0.799,355,399,605,479,Live
2026-03-10 21:46:00.053795,fire,Low,0.773,228,383,255,417,Live
2026-03-10 21:46:00.103393,fire,Low,0.681,274,283,523,396,Live
2026-03-10 21:46:00.136136,fire,Low,0.591,526,420,557,449,Live
2026-03-10 21:46:06.141284,fire,Low,0.73,228,94,543,266,Live
2026-03-10 21:46:06.168916,fire,Low,0.683,539,261,567,290,Live
2026-03-10 21:47:08.464604,fire,Low,0.72,366,375,516,479,Live
2026-03-10 21:47:18.785728,fire,Low,0.621,4,270,631,479,Live
2026-03-10 21:47:22.468741,smoke,Low,0.503,592,31,604,50,Live
2026-03-10 21:47:30.151327,fire,Low,0.547,284,298,484,420,Live
2026-03-10 21:54:57.415537,fire,Low,0.717,212,69,379,295,Live
2026-03-10 21:55:12.199257,fire,Medium,0.874,318,200,533,426,Live
2026-03-10 21:55:19.099315,fire,Low,0.601,53,0,274,151,Live
2026-03-10 21:55:31.507378,fire,Medium,0.879,181,195,422,373,Live
2026-03-10 21:55:33.529979,fire,Medium,0.894,203,229,424,441,Live
2026-03-10 21:55:36.949256,fire,Low,0.74,241,256,452,479,Live
2026-03-10 21:55:36.957038,fire,Low,0.597,280,243,344,318,Live
2026-03-10 21:55:39.184993,fire,Low,0.745,261,246,460,406,Live
2026-03-10 21:55:41.508453,fire,Medium,0.861,272,70,484,350,Live
2026-03-10 21:55:45.282204,fire,Medium,0.834,300,118,503,271,Live
2026-03-10 21:55:49.603675,fire,Medium,0.889,307,0,485,232,Live
2026-03-10 21:55:59.617511,fire,High,0.919,299,32,480,260,Live
2026-03-10 21:56:02.228275,fire,Medium,0.849,366,92,484,247,Live
2026-03-10 21:56:02.237932,fire,Low,0.741,305,117,357,245,Live
2026-03-10 21:56:06.092627,fire,Medium,0.863,304,77,484,295,Live
2026-03-10 21:56:15.870481,fire,Medium,0.871,317,61,488,305,Live
2026-03-10 21:56:25.851149,fire,Medium,0.84,301,136,489,291,Live
2026-03-10 21:56:28.679228,fire,Low,0.778,298,49,475,301,Live
2026-03-10 21:56:33.400071,fire,Low,0.771,294,95,481,253,Live
2026-03-10 21:56:39.786291,fire,Low,0.712,293,182,479,307,Live
2026-03-11 07:23:16.962960,fire,Low,0.776,0,186,1260,720,Video
2026-03-11 07:23:19.452295,fire,Low,0.765,1,235,1266,717,Video
2026-03-11 07:23:21.022455,fire,Low,0.693,15,224,1272,718,Video
2026-03-11 07:23:22.524303,fire,Low,0.711,22,221,1257,716,Video
2026-03-11 07:23:24.141442,fire,Low,0.73,35,255,1273,720,Video
2026-03-11 07:23:25.699893,fire,Low,0.618,934,407,1280,717,Video
2026-03-11 07:23:25.706664,fire,Low,0.607,2,253,921,715,Video
2026-03-11 07:23:27.204219,fire,Medium,0.86,954,419,1280,717,Video
2026-03-11 07:23:27.221544,fire,Low,0.746,239,237,934,716,Video
2026-03-11 07:23:28.716102,fire,Low,0.576,2,240,1265,714,Video
2026-03-11 07:23:30.386356,fire,Medium,0.831,0,405,198,718,Video
2026-03-11 07:23:30.402197,fire,Low,0.793,225,388,925,715,Video
2026-03-11 07:23:30.424820,fire,Low,0.597,950,389,1280,716,Video
2026-03-11 07:23:32.024603,fire,Medium,0.878,835,381,1280,718,Video
2026-03-11 07:23:32.049970,fire,Medium,0.874,224,360,838,715,Video
2026-03-11 07:23:32.071905,fire,Medium,0.832,0,370,192,718,Video
2026-03-11 07:23:34.492886,fire,Medium,0.852,988,352,1280,717,Video
2026-03-11 07:23:34.572268,fire,Low,0.631,222,329,937,712,Video
2026-03-11 07:23:39.525154,fire,Low,0.648,202,313,1272,711,Video
2026-03-11 07:23:43.980193,fire,Low,0.706,746,521,1279,716,Video
2026-03-11 07:23:44.004836,fire,Low,0.594,59,325,760,713,Video
2026-03-11 07:23:48.090103,fire,Low,0.646,141,304,1277,715,Video
2026-03-11 07:23:54.766397,fire,Medium,0.815,0,381,161,719,Video
2026-03-11 07:23:54.785253,fire,Low,0.8,235,317,1279,716,Video
2026-03-11 07:23:57.515315,fire,Low,0.769,229,312,1280,714,Video
2026-03-11 07:23:57.558829,fire,Low,0.649,0,351,152,717,Video
2026-03-11 07:23:57.584927,smoke,Low,0.56,76,29,1280,659,Video
2026-03-11 07:23:59.690338,fire,Low,0.786,0,375,135,716,Video
2026-03-11 07:23:59.720421,fire,Low,0.771,140,318,1278,716,Video
2026-03-11 07:24:01.978202,fire,Low,0.784,20,306,1276,716,Video
2026-03-11 07:24:04.702014,fire,Low,0.773,187,298,1275,716,Video
2026-03-11 07:24:07.672558,fire,Medium,0.804,0,426,162,718,Video
2026-03-11 07:24:07.707277,fire,Low,0.798,202,271,1276,717,Video
2026-03-11 07:24:10.407330,fire,Medium,0.807,0,410,169,716,Video
2026-03-11 07:24:10.453323,fire,Low,0.704,256,266,1267,717,Video
2026-03-11 07:24:10.484478,fire,Low,0.7,205,631,273,719,Video
2026-03-11 07:24:13.772185,fire,Low,0.723,23,264,1268,717,Video
2026-03-11 07:24:16.706479,fire,Low,0.773,17,242,1270,716,Video
2026-03-11 07:24:19.594448,fire,Low,0.731,31,252,1269,716,Video
2026-03-11 07:24:22.358600,fire,Medium,0.817,194,233,1276,717,Video
2026-03-11 07:24:22.369378,fire,Low,0.777,0,409,126,715,Video
2026-03-11 07:24:25.256292,fire,Medium,0.826,199,239,1278,718,Video
2026-03-11 07:24:25.301101,fire,Low,0.688,0,467,129,718,Video
2026-03-11 07:24:28.149964,fire,Medium,0.839,203,267,1280,718,Video
2026-03-11 07:24:28.189543,fire,Medium,0.807,0,450,142,719,Video
2026-03-11 07:24:30.937658,fire,Medium,0.817,227,261,1279,718,Video
2026-03-11 07:24:30.969841,fire,Low,0.761,0,464,195,719,Video
2026-03-11 07:24:34.069446,fire,Medium,0.823,0,463,179,718,Video
2026-03-11 07:24:34.104391,fire,Medium,0.803,217,241,1275,717,Video
2026-03-11 07:24:36.992612,fire,Low,0.763,8,220,1267,718,Video
2026-03-11 07:24:39.919399,fire,Low,0.772,13,237,1264,720,Video
2026-03-11 07:24:42.720404,fire,Medium,0.838,149,276,1277,718,Video
2026-03-11 07:24:42.770617,fire,Medium,0.835,0,401,143,718,Video
2026-03-11 07:24:45.658765,fire,Low,0.787,5,285,1271,716,Video
2026-03-11 07:24:48.567113,fire,Low,0.713,13,261,1255,719,Video
2026-03-11 07:24:51.473637,fire,Low,0.714,47,295,1274,717,Video
2026-03-11 07:24:54.471167,fire,Medium,0.801,196,313,1273,717,Video
2026-03-11 07:24:54.519299,fire,Low,0.752,0,378,154,718,Video
2026-03-11 07:24:57.613071,fire,Low,0.795,0,370,150,717,Video
2026-03-11 07:24:57.639893,fire,Low,0.77,194,311,1277,718,Video
2026-03-11 07:25:00.982110,fire,Medium,0.801,0,364,154,718,Video
2026-03-11 07:25:00.999776,fire,Low,0.734,194,302,1277,715,Video
2026-03-11 07:25:04.183189,fire,Low,0.685,12,279,1265,714,Video
2026-03-11 07:25:07.196019,fire,Low,0.757,14,259,1267,716,Video
2026-03-11 07:25:09.903458,fire,Low,0.739,9,233,1259,716,Video
2026-03-11 07:25:12.494212,fire,Low,0.724,10,250,1268,717,Video
2026-03-11 07:25:15.391598,fire,Low,0.754,20,243,1266,718,Video
2026-03-11 07:25:18.334620,fire,Low,0.755,27,247,1266,720,Video
2026-03-11 07:25:21.448139,fire,Low,0.724,22,246,1263,720,Video
2026-03-11 07:25:24.655225,fire,Low,0.782,18,291,1261,718,Video
2026-03-11 07:25:28.141647,fire,Low,0.788,14,287,1264,716,Video
2026-03-11 07:25:31.321474,fire,Low,0.754,25,276,1271,715,Video
2026-03-11 07:25:36.973208,fire,Low,0.798,800,403,1279,717,Video
2026-03-11 07:25:37.034551,fire,Low,0.68,21,256,1245,716,Video
2026-03-11 07:25:45.349153,fire,Low,0.688,43,308,1278,719,Video
2026-03-11 07:25:57.481646,fire,Low,0.72,813,391,1279,716,Video
2026-03-11 07:25:57.553839,fire,Low,0.706,25,301,1247,715,Video
2026-03-11 07:26:10.224211,fire,Low,0.732,26,307,986,715,Video
2026-03-11 07:26:10.499607,fire,Low,0.677,1000,364,1275,717,Video
2026-03-11 07:26:24.144218,fire,Low,0.764,10,309,1266,717,Video
2026-03-11 07:26:38.124991,fire,Low,0.776,1,334,1273,717,Video
2026-03-11 07:26:52.562848,fire,Low,0.794,8,303,1273,717,Video
2026-03-11 07:27:13.030481,fire,Low,0.776,9,313,1273,717,Video
2026-03-11 07:27:26.194790,fire,Low,0.77,9,303,1273,717,Video
2026-03-11 07:27:40.176843,fire,Low,0.763,19,313,1261,717,Video
2026-03-11 07:27:50.370964,fire,Low,0.787,20,305,1274,717,Video
2026-03-11 07:28:00.156285,fire,Low,0.795,6,298,1272,717,Video
2026-03-11 07:28:16.976949,fire,Low,0.757,46,344,1276,717,Video
2026-03-11 07:28:17.074644,fire,Low,0.601,0,348,177,718,Video
2026-03-11 07:28:52.054883,fire,Low,0.75,105,313,1276,716,Video
2026-03-11 07:29:05.952887,fire,Low,0.765,19,298,1266,715,Video
2026-03-11 07:29:06.020997,smoke,Low,0.531,7,55,1209,633,Video
2026-03-11 07:29:20.593978,fire,Low,0.772,25,289,1273,718,Video
2026-03-11 07:29:36.584161,fire,Medium,0.827,217,290,1275,716,Video
2026-03-11 07:29:36.762615,fire,Low,0.609,0,433,199,716,Video
2026-03-11 07:29:49.786321,fire,Medium,0.809,210,290,1273,716,Video
2026-03-11 07:29:49.935781,fire,Low,0.785,0,420,183,716,Video
2026-03-11 07:29:49.975501,smoke,Low,0.705,165,36,1275,616,Video
2026-03-11 07:30:10.001615,fire,Medium,0.809,225,269,1268,717,Video
2026-03-11 07:30:10.031181,fire,Medium,0.809,0,422,193,717,Video
2026-03-11 07:30:10.068249,smoke,Low,0.656,138,26,1263,607,Video
2026-03-11 11:41:21.428357,fire,Low,0.776,0,186,1260,720,Video
2026-03-11 11:41:24.360649,fire,Low,0.765,1,235,1266,717,Video
2026-03-11 11:41:26.406948,fire,Low,0.693,15,224,1272,718,Video
2026-03-11 11:41:27.893203,fire,Low,0.711,22,221,1257,716,Video
2026-03-11 11:41:30.407372,fire,Low,0.73,35,255,1273,720,Video
2026-03-11 11:41:32.313564,fire,Low,0.618,934,407,1280,717,Video
2026-03-11 11:41:32.339437,fire,Low,0.607,2,253,921,715,Video
2026-03-11 11:41:33.853001,fire,Medium,0.86,954,419,1280,717,Video
2026-03-11 11:41:33.866051,fire,Low,0.746,239,237,934,716,Video
2026-03-11 11:41:35.582242,fire,Low,0.576,2,240,1265,714,Video
2026-03-11 11:41:38.633244,fire,Medium,0.831,0,405,198,718,Video
2026-03-11 11:41:38.671935,fire,Low,0.793,225,388,925,715,Video
2026-03-11 11:41:38.695065,fire,Low,0.597,950,389,1280,716,Video
2026-03-11 12:14:01.407310,fire,Low,0.776,0,186,1260,720,Video
2026-03-11 12:14:03.824420,fire,Low,0.765,1,235,1266,717,Video
2026-03-11 12:14:05.486429,fire,Low,0.693,15,224,1272,718,Video
2026-03-11 12:14:07.749771,fire,Low,0.711,22,221,1257,716,Video
2026-03-11 12:14:09.933131,fire,Low,0.73,35,255,1273,720,Video
2026-03-11 12:14:11.900814,fire,Low,0.618,934,407,1280,717,Video
2026-03-11 12:14:11.922677,fire,Low,0.607,2,253,921,715,Video
2026-03-11 12:14:14.044410,fire,Medium,0.86,954,419,1280,717,Video
2026-03-11 12:14:14.070669,fire,Low,0.746,239,237,934,716,Video
2026-03-11 12:14:16.104305,fire,Low,0.576,2,240,1265,714,Video
2026-03-11 12:14:18.108561,fire,Medium,0.831,0,405,198,718,Video
2026-03-11 12:14:18.125395,fire,Low,0.793,225,388,925,715,Video
2026-03-11 12:14:18.132634,fire,Low,0.597,950,389,1280,716,Video
2026-03-11 12:14:20.068872,fire,Medium,0.878,835,381,1280,718,Video
2026-03-11 12:14:20.083010,fire,Medium,0.874,224,360,838,715,Video
2026-03-11 12:14:20.109122,fire,Medium,0.832,0,370,192,718,Video
2026-03-11 12:14:22.887081,fire,Medium,0.852,988,352,1280,717,Video
2026-03-11 12:14:22.903082,fire,Low,0.631,222,329,937,712,Video
2026-03-11 12:14:24.972942,fire,Low,0.648,202,313,1272,711,Video
2026-03-11 12:14:27.639388,fire,Low,0.706,746,521,1279,716,Video
2026-03-11 12:14:27.675094,fire,Low,0.594,59,325,760,713,Video
2026-03-11 12:14:30.924975,fire,Low,0.646,141,304,1277,715,Video
2026-03-11 12:14:33.425307,fire,Medium,0.815,0,381,161,719,Video
2026-03-11 12:14:33.471899,fire,Low,0.8,235,317,1279,716,Video
2026-03-11 12:14:35.741589,fire,Low,0.769,229,312,1280,714,Video
2026-03-11 12:14:35.774588,fire,Low,0.649,0,351,152,717,Video
2026-03-11 12:14:35.839641,smoke,Low,0.56,76,29,1280,659,Video
2026-03-11 12:14:38.099116,fire,Low,0.786,0,375,135,716,Video
2026-03-11 12:14:38.132596,fire,Low,0.771,140,318,1278,716,Video
2026-03-11 12:14:40.689639,fire,Low,0.784,20,306,1276,716,Video
2026-03-11 12:14:44.174742,fire,Low,0.773,187,298,1275,716,Video
2026-03-11 12:14:46.597124,fire,Medium,0.804,0,426,162,718,Video
2026-03-11 12:14:46.606442,fire,Low,0.798,202,271,1276,717,Video
2026-03-11 12:14:48.109672,fire,Medium,0.807,0,410,169,716,Video
2026-03-11 12:14:48.136042,fire,Low,0.704,256,266,1267,717,Video
2026-03-11 12:14:48.147527,fire,Low,0.7,205,631,273,719,Video
2026-03-11 12:14:49.539070,fire,Low,0.723,23,264,1268,717,Video
2026-03-11 12:14:51.051131,fire,Low,0.773,17,242,1270,716,Video
2026-03-11 12:14:52.821823,fire,Low,0.731,31,252,1269,716,Video
2026-03-11 12:14:54.130245,fire,Medium,0.817,194,233,1276,717,Video
2026-03-11 12:14:54.138515,fire,Low,0.777,0,409,126,715,Video
2026-03-11 12:14:55.423534,fire,Medium,0.826,199,239,1278,718,Video
2026-03-11 12:14:55.437365,fire,Low,0.688,0,467,129,718,Video
2026-03-11 12:14:56.724837,fire,Medium,0.839,203,267,1280,718,Video
2026-03-11 12:14:56.736344,fire,Medium,0.807,0,450,142,719,Video
2026-03-11 12:14:57.948196,fire,Medium,0.817,227,261,1279,718,Video
2026-03-11 12:14:57.954701,fire,Low,0.761,0,464,195,719,Video
2026-03-11 12:14:59.298977,fire,Medium,0.823,0,463,179,718,Video
2026-03-11 12:14:59.319045,fire,Medium,0.803,217,241,1275,717,Video
2026-03-11 13:12:49.793410,fire,Low,0.776,0,186,1260,720,Video
2026-03-11 13:12:51.773575,fire,Low,0.765,1,235,1266,717,Video
2026-03-11 13:12:53.054893,fire,Low,0.693,15,224,1272,718,Video
2026-03-11 13:12:54.481105,fire,Low,0.711,22,221,1257,716,Video
2026-03-11 13:12:55.709334,fire,Low,0.73,35,255,1273,720,Video
2026-03-11 13:12:56.960738,fire,Low,0.618,934,407,1280,717,Video
2026-03-11 13:12:56.970271,fire,Low,0.607,2,253,921,715,Video
2026-03-11 13:12:58.208350,fire,Medium,0.86,954,419,1280,717,Video
2026-03-11 13:12:58.218757,fire,Low,0.746,239,237,934,716,Video
2026-03-11 13:12:59.862179,fire,Low,0.576,2,240,1265,714,Video
2026-03-11 13:13:01.418485,fire,Medium,0.831,0,405,198,718,Video
2026-03-11 13:13:01.425119,fire,Low,0.793,225,388,925,715,Video
2026-03-11 13:13:01.515515,fire,Low,0.597,950,389,1280,716,Video
2026-03-11 13:13:03.008966,fire,Medium,0.878,835,381,1280,718,Video
2026-03-11 13:13:03.192566,fire,Medium,0.874,224,360,838,715,Video
2026-03-11 13:13:03.651331,fire,Medium,0.832,0,370,192,718,Video
2026-03-11 13:13:06.192418,fire,Medium,0.852,988,352,1280,717,Video
2026-03-11 13:13:06.213145,fire,Low,0.631,222,329,937,712,Video
2026-03-11 13:13:09.442374,fire,Low,0.648,202,313,1272,711,Video
2026-03-11 13:13:11.790929,fire,Low,0.706,746,521,1279,716,Video
2026-03-11 13:13:11.820256,fire,Low,0.594,59,325,760,713,Video
2026-03-11 13:13:14.538774,fire,Low,0.646,141,304,1277,715,Video
2026-03-11 13:13:17.239016,fire,Medium,0.815,0,381,161,719,Video
2026-03-11 13:13:17.273220,fire,Low,0.8,235,317,1279,716,Video
2026-03-11 13:13:20.424498,fire,Low,0.769,229,312,1280,714,Video
2026-03-11 13:13:20.438108,fire,Low,0.649,0,351,152,717,Video
2026-03-11 13:13:20.463659,smoke,Low,0.56,76,29,1280,659,Video
2026-03-11 13:13:22.074631,fire,Low,0.786,0,375,135,716,Video
2026-03-11 13:13:22.089217,fire,Low,0.771,140,318,1278,716,Video
2026-03-11 13:13:23.365655,fire,Low,0.784,20,306,1276,716,Video
2026-03-11 13:13:24.570320,fire,Low,0.773,187,298,1275,716,Video
2026-03-11 13:13:25.820893,fire,Medium,0.804,0,426,162,718,Video
2026-03-11 13:13:25.833015,fire,Low,0.798,202,271,1276,717,Video
2026-03-11 13:13:27.101080,fire,Medium,0.807,0,410,169,716,Video
2026-03-11 13:13:27.107579,fire,Low,0.704,256,266,1267,717,Video
2026-03-11 13:13:27.121105,fire,Low,0.7,205,631,273,719,Video
2026-03-11 13:13:28.576741,fire,Low,0.723,23,264,1268,717,Video
2026-03-11 13:13:30.885933,fire,Low,0.773,17,242,1270,716,Video
2026-03-11 13:13:32.190034,fire,Low,0.731,31,252,1269,716,Video
2026-03-11 13:13:33.408472,fire,Medium,0.817,194,233,1276,717,Video
2026-03-11 13:13:33.421501,fire,Low,0.777,0,409,126,715,Video
2026-03-11 13:13:34.723329,fire,Medium,0.826,199,239,1278,718,Video
2026-03-11 13:13:34.730572,fire,Low,0.688,0,467,129,718,Video
2026-03-11 13:13:36.078376,fire,Medium,0.839,203,267,1280,718,Video
2026-03-11 13:13:36.088518,fire,Medium,0.807,0,450,142,719,Video
2026-03-11 13:13:37.315365,fire,Medium,0.817,227,261,1279,718,Video
2026-03-11 13:13:37.323424,fire,Low,0.761,0,464,195,719,Video
2026-03-11 13:13:38.651093,fire,Medium,0.823,0,463,179,718,Video
2026-03-11 13:13:38.662014,fire,Medium,0.803,217,241,1275,717,Video
2026-03-11 13:18:21.621574,fire,Low,0.518,455,244,530,305,Live
2026-03-11 13:18:24.961473,fire,Low,0.522,111,443,130,466,Live
2026-03-11 13:18:29.221909,fire,Low,0.743,222,236,455,469,Live
2026-03-11 13:18:31.653844,fire,Low,0.732,222,268,490,447,Live
2026-03-11 13:18:34.072909,fire,Medium,0.836,197,262,479,458,Live
2026-03-11 13:18:37.146380,fire,Low,0.783,201,267,458,475,Live
2026-03-11 13:18:40.034411,fire,Low,0.724,145,279,394,432,Live
2026-03-11 13:18:42.353541,fire,Low,0.756,165,293,374,453,Live
2026-03-11 13:18:42.370399,fire,Low,0.566,364,394,431,474,Live
2026-03-11 13:18:48.682507,fire,Low,0.561,251,293,405,471,Live
2026-03-11 13:19:00.562628,fire,Medium,0.825,158,251,361,461,Live
2026-03-11 13:19:02.037881,fire,Medium,0.847,100,289,416,480,Live
2026-03-11 13:19:03.515964,fire,Medium,0.861,79,324,389,479,Live
2026-03-11 13:19:04.887638,fire,Medium,0.808,93,345,318,480,Live
2026-03-11 13:19:06.386994,fire,Low,0.511,71,306,372,479,Live
2026-03-11 13:19:07.881874,fire,Low,0.621,135,371,270,480,Live
2026-03-11 13:19:13.566683,fire,Medium,0.83,57,160,430,475,Live
2026-03-11 13:19:13.582413,fire,Low,0.766,5,316,37,399,Live
2026-03-11 22:00:19.223692,fire,Low,0.776,0,186,1260,720,Video
2026-03-11 22:00:24.314461,fire,Low,0.765,1,235,1266,717,Video
2026-03-11 22:00:27.718235,fire,Low,0.693,15,224,1272,718,Video
2026-03-11 22:00:30.692963,fire,Low,0.711,22,221,1257,716,Video
2026-03-11 22:00:33.976662,fire,Low,0.73,35,255,1273,720,Video
2026-03-11 22:00:38.514111,fire,Low,0.618,934,407,1280,717,Video
2026-03-11 22:00:38.561425,fire,Low,0.607,2,253,921,715,Video
2026-03-11 22:00:41.458047,fire,Medium,0.86,954,419,1280,717,Video
2026-03-11 22:00:41.506811,fire,Low,0.746,239,237,934,716,Video
2026-03-11 22:00:43.657945,fire,Low,0.576,2,240,1265,714,Video
2026-03-11 22:00:45.522432,fire,Medium,0.831,0,405,198,718,Video
2026-03-11 22:00:45.541962,fire,Low,0.793,225,388,925,715,Video
2026-03-11 22:00:45.556038,fire,Low,0.597,950,389,1280,716,Video
2026-03-11 22:00:47.519878,fire,Medium,0.878,835,381,1280,718,Video
2026-03-11 22:00:47.534007,fire,Medium,0.874,224,360,838,715,Video
2026-03-11 22:00:47.547003,fire,Medium,0.832,0,370,192,718,Video
2026-03-11 22:00:49.456282,fire,Medium,0.852,988,352,1280,717,Video
2026-03-11 22:00:49.769083,fire,Low,0.631,222,329,937,712,Video
2026-03-11 22:00:51.508058,fire,Low,0.648,202,313,1272,711,Video
2026-03-11 22:04:15.861994,fire,Low,0.776,0,186,1260,720,Video
2026-03-11 22:04:18.013509,fire,Low,0.765,1,235,1266,717,Video
2026-03-11 22:04:19.772157,fire,Low,0.693,15,224,1272,718,Video
2026-03-11 22:04:21.395230,fire,Low,0.711,22,221,1257,716,Video
2026-03-11 22:04:23.129028,fire,Low,0.73,35,255,1273,720,Video
2026-03-11 22:04:25.021472,fire,Low,0.618,934,407,1280,717,Video
2026-03-11 22:04:25.049781,fire,Low,0.607,2,253,921,715,Video
2026-03-11 22:04:27.047327,fire,Medium,0.86,954,419,1280,717,Video
2026-03-11 22:04:27.061875,fire,Low,0.746,239,237,934,716,Video
2026-03-11 22:04:29.142345,fire,Low,0.576,2,240,1265,714,Video
2026-03-11 22:04:32.271941,fire,Medium,0.831,0,405,198,718,Video
2026-03-11 22:04:32.298530,fire,Low,0.793,225,388,925,715,Video
2026-03-11 22:04:32.317112,fire,Low,0.597,950,389,1280,716,Video
2026-03-11 22:04:34.604336,fire,Medium,0.878,835,381,1280,718,Video
2026-03-11 22:04:34.627484,fire,Medium,0.874,224,360,838,715,Video
2026-03-11 22:04:34.648007,fire,Medium,0.832,0,370,192,718,Video
2026-03-11 22:04:36.630562,fire,Medium,0.852,988,352,1280,717,Video
2026-03-11 22:04:36.650095,fire,Low,0.631,222,329,937,712,Video
2026-03-11 22:04:39.908466,fire,Low,0.648,202,313,1272,711,Video
2026-03-11 22:04:42.148440,fire,Low,0.706,746,521,1279,716,Video
2026-03-11 22:04:42.179355,fire,Low,0.594,59,325,760,713,Video
2026-03-11 22:04:43.645004,fire,Low,0.646,141,304,1277,715,Video
2026-03-11 22:04:45.227767,fire,Medium,0.815,0,381,161,719,Video
2026-03-11 22:04:45.236728,fire,Low,0.8,235,317,1279,716,Video
2026-03-11 22:04:46.704970,fire,Low,0.769,229,312,1280,714,Video
2026-03-11 22:04:46.720194,fire,Low,0.649,0,351,152,717,Video
2026-03-11 22:04:46.727713,smoke,Low,0.56,76,29,1280,659,Video
2026-03-11 22:04:49.078525,fire,Low,0.786,0,375,135,716,Video
2026-03-11 22:04:49.091425,fire,Low,0.771,140,318,1278,716,Video
2026-03-11 22:04:51.156341,fire,Low,0.784,20,306,1276,716,Video
2026-03-11 22:04:52.917420,fire,Low,0.773,187,298,1275,716,Video
2026-03-12 11:45:56.277502,fire,Low,0.776,0,186,1260,720,Video
2026-03-12 11:45:58.972353,fire,Low,0.765,1,235,1266,717,Video
2026-03-12 11:46:00.656859,fire,Low,0.693,15,224,1272,718,Video
2026-03-12 11:46:02.143869,fire,Low,0.711,22,221,1257,716,Video
2026-03-12 11:46:03.668875,fire,Low,0.73,35,255,1273,720,Video
2026-03-12 11:46:06.949060,fire,Low,0.618,934,407,1280,717,Video
2026-03-12 11:46:06.970149,fire,Low,0.607,2,253,921,715,Video
2026-03-12 11:46:09.831542,fire,Medium,0.86,954,419,1280,717,Video
2026-03-12 11:46:09.863738,fire,Low,0.746,239,237,934,716,Video
2026-03-12 11:46:12.944448,fire,Low,0.576,2,240,1265,714,Video
2026-03-12 11:46:16.281411,fire,Medium,0.831,0,405,198,718,Video
2026-03-12 11:46:16.313323,fire,Low,0.793,225,388,925,715,Video
2026-03-12 11:46:16.342119,fire,Low,0.597,950,389,1280,716,Video
2026-03-12 11:46:18.975610,fire,Medium,0.878,835,381,1280,718,Video
2026-03-12 11:46:18.983136,fire,Medium,0.874,224,360,838,715,Video
2026-03-12 11:46:18.993178,fire,Medium,0.832,0,370,192,718,Video
2026-03-12 11:46:20.733393,fire,Medium,0.852,988,352,1280,717,Video
2026-03-12 11:46:20.742273,fire,Low,0.631,222,329,937,712,Video
2026-03-12 11:46:22.896420,fire,Low,0.648,202,313,1272,711,Video
2026-03-12 11:46:26.796040,fire,Low,0.706,746,521,1279,716,Video
2026-03-12 11:46:26.813010,fire,Low,0.594,59,325,760,713,Video
2026-03-12 11:46:29.722644,fire,Low,0.646,141,304,1277,715,Video
2026-03-12 11:50:12.665239,fire,Low,0.522,303,339,350,392,Live
2026-03-12 11:50:17.230269,fire,Low,0.723,314,288,354,345,Live
2026-03-12 11:51:31.378796,fire,Low,0.516,320,42,410,174,Live
2026-04-03 12:51:02.359979,fire,Low,0.776,0,186,1260,720,Video
2026-04-03 12:51:04.781571,fire,Low,0.765,1,235,1266,717,Video
2026-04-03 12:51:06.210670,fire,Low,0.693,15,224,1272,718,Video
2026-04-03 12:51:07.816685,fire,Low,0.711,22,221,1257,716,Video
2026-04-03 12:51:09.818714,fire,Low,0.73,35,255,1273,720,Video
2026-04-03 12:51:11.602650,fire,Low,0.618,934,407,1280,717,Video
2026-04-03 12:51:11.685125,fire,Low,0.607,2,253,921,715,Video
2026-04-03 12:51:15.334719,fire,Medium,0.86,954,419,1280,717,Video
2026-04-03 12:51:15.401035,fire,Low,0.746,239,237,934,716,Video
2026-04-03 12:51:19.079676,fire,Low,0.576,2,240,1265,714,Video
2026-04-03 12:51:22.108650,fire,Medium,0.831,0,405,198,718,Video
2026-04-03 12:51:22.116571,fire,Low,0.793,225,388,925,715,Video
2026-04-03 12:51:22.162515,fire,Low,0.597,950,389,1280,716,Video
2026-04-03 12:51:23.782785,fire,Medium,0.878,835,381,1280,718,Video
2026-04-03 12:51:23.815963,fire,Medium,0.874,224,360,838,715,Video
2026-04-03 12:51:23.847198,fire,Medium,0.832,0,370,192,718,Video
2026-04-03 12:51:26.593194,fire,Medium,0.852,988,352,1280,717,Video
2026-04-03 12:51:26.728658,fire,Low,0.631,222,329,937,712,Video
2026-04-03 12:51:29.545203,fire,Low,0.648,202,313,1272,711,Video
2026-04-03 12:51:31.163265,fire,Low,0.706,746,521,1279,716,Video
2026-04-03 12:51:31.178001,fire,Low,0.594,59,325,760,713,Video
2026-04-03 12:51:32.867467,fire,Low,0.646,141,304,1277,715,Video
2026-04-03 12:51:34.365099,fire,Medium,0.815,0,381,161,719,Video
2026-04-03 12:51:34.407697,fire,Low,0.8,235,317,1279,716,Video
2026-04-03 12:51:35.617712,fire,Low,0.769,229,312,1280,714,Video
2026-04-03 12:51:35.629592,fire,Low,0.649,0,351,152,717,Video
2026-04-03 12:51:35.637729,smoke,Low,0.56,76,29,1280,659,Video
2026-04-03 12:51:37.040757,fire,Low,0.786,0,375,135,716,Video
2026-04-03 12:51:37.055158,fire,Low,0.771,140,318,1278,716,Video
2026-04-03 12:51:38.377122,fire,Low,0.784,20,306,1276,716,Video
2026-04-03 12:51:39.734298,fire,Low,0.773,187,298,1275,716,Video
2026-04-03 13:14:08.605694,fire,Low,0.776,0,186,1260,720,Video
2026-04-03 13:14:12.300077,fire,Low,0.765,1,235,1266,717,Video
2026-04-03 13:14:14.259903,fire,Low,0.693,15,224,1272,718,Video
2026-04-03 13:14:15.852105,fire,Low,0.711,22,221,1257,716,Video
2026-04-03 13:14:17.803176,fire,Low,0.73,35,255,1273,720,Video
2026-04-03 13:14:21.629059,fire,Low,0.618,934,407,1280,717,Video
2026-04-03 13:14:21.670821,fire,Low,0.607,2,253,921,715,Video
2026-04-03 13:14:28.715958,fire,Medium,0.86,954,419,1280,717,Video
2026-04-03 13:14:28.729357,fire,Low,0.746,239,237,934,716,Video
2026-04-03 13:14:40.693489,fire,Low,0.576,2,240,1265,714,Video
2026-04-03 13:14:42.902001,fire,Medium,0.831,0,405,198,718,Video
2026-04-03 13:14:42.935236,fire,Low,0.793,225,388,925,715,Video
2026-04-03 13:14:42.953278,fire,Low,0.597,950,389,1280,716,Video
2026-04-03 13:14:46.315740,fire,Medium,0.878,835,381,1280,718,Video
2026-04-03 13:14:46.370466,fire,Medium,0.874,224,360,838,715,Video
2026-04-03 13:14:46.419507,fire,Medium,0.832,0,370,192,718,Video
2026-04-03 13:14:48.429420,fire,Medium,0.852,988,352,1280,717,Video
2026-04-03 13:14:48.458047,fire,Low,0.631,222,329,937,712,Video
2026-04-04 14:53:03.824276,fire,Low,0.64,444,50,545,182,Live
2026-04-04 14:53:08.009603,fire,Low,0.589,461,208,510,292,Live
2026-04-04 15:17:18.675415,fire,Low,0.57,34,97,70,158,Live
2026-04-04 15:17:59.968134,fire,Medium,0.835,345,37,454,188,Live
2026-04-04 15:18:01.333787,fire,Low,0.573,442,237,501,269,Live
2026-04-04 15:18:02.603574,fire,Low,0.706,369,415,406,446,Live
2026-04-04 15:18:07.633056,fire,Low,0.723,471,192,535,246,Live
2026-04-04 15:36:38.131309,fire,Low,0.681,400,87,447,147,Live
2026-04-04 15:37:47.805952,smoke,Low,0.507,0,0,92,182,Live
2026-04-04 15:37:51.624246,fire,Medium,0.833,295,17,352,94,Live
2026-04-04 15:37:52.878653,fire,Low,0.76,283,96,363,177,Live
2026-04-04 15:37:54.136605,fire,Low,0.592,358,196,385,219,Live
2026-04-04 15:38:05.385798,smoke,Low,0.59,0,0,251,296,Live
2026-04-04 15:38:06.714263,smoke,Low,0.516,95,0,328,218,Live
2026-04-04 15:38:08.046260,smoke,Low,0.76,6,0,283,241,Live
2026-04-04 15:38:11.060107,smoke,Low,0.727,67,0,286,248,Live
2026-04-07 02:09:53.650189,fire,Low,0.776,0,186,1260,720,Video
2026-04-07 02:09:56.786995,fire,Low,0.765,1,235,1266,717,Video
2026-04-07 02:09:59.495411,fire,Low,0.693,15,224,1272,718,Video
2026-04-07 02:10:02.455077,fire,Low,0.711,22,221,1257,716,Video
2026-04-07 02:10:06.250201,fire,Low,0.73,35,255,1273,720,Video
2026-04-07 02:10:09.847573,fire,Low,0.618,934,407,1280,717,Video
2026-04-07 02:10:09.918098,fire,Low,0.607,2,253,921,715,Video
2026-04-07 02:10:15.178431,fire,Medium,0.86,954,419,1280,717,Video
2026-04-07 02:10:15.294556,fire,Low,0.746,239,237,934,716,Video
2026-04-07 02:10:22.311573,fire,Low,0.576,2,240,1265,714,Video
2026-04-07 02:15:17.652017,fire,Low,0.776,0,186,1260,720,Video
2026-04-07 02:15:20.200297,fire,Low,0.765,1,235,1266,717,Video
2026-04-07 02:15:23.592100,fire,Low,0.693,15,224,1272,718,Video
2026-04-07 02:15:27.808536,fire,Low,0.711,22,221,1257,716,Video
2026-04-07 02:15:32.092163,fire,Low,0.73,35,255,1273,720,Video
2026-04-07 02:15:37.236086,fire,Low,0.618,934,407,1280,717,Video
2026-04-07 02:15:37.294756,fire,Low,0.607,2,253,921,715,Video
2026-04-07 02:15:41.527193,fire,Medium,0.86,954,419,1280,717,Video
2026-04-07 02:15:41.555974,fire,Low,0.746,239,237,934,716,Video
2026-04-07 02:15:45.007129,fire,Low,0.576,2,240,1265,714,Video
2026-04-07 02:15:50.293571,fire,Medium,0.831,0,405,198,718,Video
2026-04-07 02:15:50.458644,fire,Low,0.793,225,388,925,715,Video
2026-04-07 02:15:50.508280,fire,Low,0.597,950,389,1280,716,Video
2026-04-07 02:15:54.260944,fire,Medium,0.878,835,381,1280,718,Video
2026-04-07 02:15:54.324672,fire,Medium,0.874,224,360,838,715,Video
2026-04-07 02:15:54.350470,fire,Medium,0.832,0,370,192,718,Video
2026-04-07 02:15:59.385580,fire,Medium,0.852,988,352,1280,717,Video
2026-04-07 02:15:59.409456,fire,Low,0.631,222,329,937,712,Video
